,name,price
0,Abraham Bowman 2007 Vanilla Bean Whiskey 75cl,300.00
1,Adams Antique Canadian Whiskey 75cl,35.00
2,Amador Exquisite Whiskey 7 Year Old Corti Brothers 37.5cl,30.00
3,Assorted Irish Whiskey Minis 2 x 50cl & 1 x 1 2/3 FL OZ Including Tullamore Dew,5.00
4,Assorted Irish Whiskey Minis x 10 Including Black Bush,30.00
5,Assorted Irish Whiskey Minis x 10 Including Tyrconnell 5 Star 5cl,25.00
6,Assorted Irish Whiskey Minis x 5,10.00
7,Assorted Irish Whiskey Vans x 3 & Teacher's Lifeboat,50.00
8,Assorted Minis 10 x 5cl Including John Power & Son Irish Whiskey,25.00
9,Assorted Minis 10 x 5cl Including John Power & Son Irish Whiskey,20.00
10,Assorted Minis 8 x 5cl & 2 x 7.1cl Including Connemara Peated Irish Whiskey,10.00
11,Assorted Minis 9 x 5cl Including Paddy's Old Irish Whiskey,0.00
12,Assorted Minis The Taste of Ireland 7 x 5cl including Paddy Old Irish Whiskey,20.00
13,Assorted Minis x 8 Including Wild Turkey Straight Rye Whiskey 5cl,10.00
14,ASW Distillery Fiddler Bourbon Whiskey 75cl,35.00
15,Atlantic Clonakilty Irish Whiskey,50.00
16,Balcones True Blue Straight Corn Whiskey,60.00
17,Barrell Whiskey Infinite Barrel Project 75cl,50.00
18,Beam's Choice 8 Year Old Kentucky Straight Bourbon Whiskey 75cl,55.00
19,Black Maple Hill Oregon Straight Rye Whiskey 75cl,60.00
20,Bomberger's Declaration 100° Proof Bourbon Whiskey 75cl,130.00
21,Bomberger's Declaration 100° Proof Bourbon Whiskey 75cl,100.00
22,Bond & Lillard Batch #1 The Whiskey Barons Collection 37.5cl,35.00
23,Bond & Lillard Batch #2 The Whiskey Barons Collection 37.5cl,50.00
24,Bond & Lillard Batch #2 The Whiskey Barons Collection 37.5cl,35.00
25,Bourbon De Luxe 4 Year Old Kentucky Straight Bourbon Whiskey,30.00
26,Bourbon De Luxe 4 Year Old Kentucky Straight Bourbon Whiskey 75cl,70.00
27,Bourbon De Luxe Kentucky Straight Whiskey 75cl,55.00
28,Boutique-y Whisky Co Bourbon Whiskey #1 24 Year Old 50cl,140.00
29,Boutique-y Whisky Co Bourbon Whiskey #1 24 Year Old Batch #1 50cl,130.00
30,Boutique-Y Whisky Co Bourbon Whiskey #1 24 Year Old Batch #1 50cl,170.00
31,Boutique-Y Whisky Co Bourbon Whiskey #1 24 Year Old Batch #1 50cl,180.00
32,Boutique-y Whisky Co Irish Whiskey #1 14 Year Old Batch #4 50cl,30.00
33,Boutique-y Whisky Co Single Malt Irish Whiskey #1 14 Year Old Batch #4 50cl,45.00
34,Boutique-y Whisky Co Single Malt Irish Whiskey 13 Year Old Batch #2 50cl,50.00
35,Boutique-y Whisky Co Single Malt Irish Whiskey 13 Year Old Batch #2 50cl,40.00
36,Boutique-Y Whisky Co Single Malt Irish Whiskey 13 Year Old Batch #2 50cl,50.00
37,Boutique-y Whisky Co Single Malt Irish Whiskey 13 Year Old Batch #2 50cl,80.00
38,Boutique-y Whisky Co Single Malt Irish Whiskey 13 Year Old Batch #2 50cl,70.00
39,Boutique-Y Whisky Co Single Malt Irish Whiskey 13 Year Old Batch #2 50cl,50.00
40,Boutique-y Whisky Co Single Malt Irish Whiskey 14 Year Old Batch #1 50cl,90.00
41,Boutique-y Whisky Co Single Malt Irish Whiskey 14 Year Old Batch #1 50cl,90.00
42,Boutique-y Whisky Co Single Malt Irish Whiskey 14 Year Old Batch #1 50cl,70.00
43,Boutique-y Whisky Co Single Malt Irish Whiskey 14 Year Old Batch #1 50cl,75.00
44,Boutique-y Whisky Co Single Malt Irish Whiskey 14 Year Old Batch #1 50cl,45.00
45,Boutique-y Whisky Co Single Malt Irish Whiskey 14 Year Old Batch #1 50cl,65.00
46,Boutique-y Whisky Co Single Malt Irish Whiskey 14 Year Old Batch #1 50cl,0.00
47,Boutique-y Whisky Co Single Malt Irish Whiskey 14 Year Old Batch #1 50cl,40.00
48,Boutique-y Whisky Co Single Malt Irish Whiskey 14 Year Old Batch #1 50cl,100.00
49,Boutique-y Whisky Co Single Malt Irish Whiskey 14 Year Old Batch #1 50cl,70.00
50,Boutique-Y Whisky Co Single Malt Irish Whiskey 14 Year Old Batch #1 50cl,110.00
51,Boutique-y Whisky Co Single Malt Irish Whiskey 14 Year Old Batch #1 50cl,45.00
52,Boutique-y Whisky Co Single Malt Irish Whiskey 14 Year Old Batch #1 50cl,55.00
53,Boutique-y Whisky Co Single Malt Irish Whiskey 14 Year Old Batch #1 50cl,70.00
54,Boutique-y Whisky Co Single Malt Irish Whiskey 14 Year Old Batch #1 50cl,55.00
55,Boutique-y Whisky Co Single Malt Irish Whiskey 14 Year Old Batch #1 50cl,150.00
56,Boutique-y Whisky Co Single Malt Irish Whiskey 14 Year Old Batch #1 50cl,40.00
57,Boutique-y Whisky Co Single Malt Irish Whiskey 14 Year Old Batch #1 50cl,45.00
58,Boutique-y Whisky Co Single Malt Irish Whiskey 14 Year Old Batch #1 50cl,55.00
59,Boutique-y Whisky Co Single Malt Irish Whiskey 14 Year Old Batch #1 50cl,55.00
60,Boutique-y Whisky Co Single Malt Irish Whiskey 24 Year Old Batch #1 50cl,140.00
61,Boutique-y Whisky Co Single Malt Irish Whiskey 24 Year Old Batch #1 50cl,165.00
62,Boutique-y Whisky Co Single Malt Irish Whiskey 24 Year Old Batch #1 50cl,180.00
63,Boutique-y Whisky Co Single Malt Irish Whiskey 24 Year Old Batch #1 50cl,180.00
64,Boutique-y Whisky Co Single Malt Irish Whiskey 24 Year Old Batch #1 50cl,170.00
65,Boutique-y Whisky Co Single Malt Irish Whiskey 24 Year Old Batch #1 50cl,140.00
66,Boutique-y Whisky Co Single Malt Irish Whiskey 24 Year Old Batch #1 50cl,170.00
67,Boutique-y Whisky Co Single Malt Irish Whiskey 24 Year Old Batch #1 50cl,190.00
68,Boutique-y Whisky Co Single Malt Irish Whiskey 24 Year Old Batch #1 50cl,130.00
69,Boutique-Y Whisky Co Whiskey #1 24 Year Old 50cl,210.00
70,Bowman Brothers Small Batch Virginia Straight Bourbon Whiskey 75cl,35.00
71,Bowman Brothers Small Batch Virginia Straight Bourbon Whiskey 75cl,40.00
72,Bowman Brothers Small Batch Virginia Straight Bourbon Whiskey 75cl,35.00
73,Bowman Brothers Small Batch Virginia Whiskey 75cl,40.00
74,Breckenridge Blended Bourbon Whiskey Selected by Whitlock Package 75cl,30.00
75,Brennan's Irish Whiskey U.S. Import 75cl,15.00
76,Brexit Austrian Whiskey,40.00
77,Bull Run 10 Year Old American Whiskey 75cl,35.00
78,Bulleit 95 Rye Whiskey,25.00
79,Bulleit 95 Rye Whiskey,25.00
80,Bulleit 95 Rye Whiskey,25.00
81,Bulleit 95 Rye Whiskey,25.00
82,"Bushmill's Black Bush 1L, Teeling Irish Whiskey & Wild Geese Irish Whiskey",65.00
83,Bushmills Blended Irish Whiskey 1L,20.00
84,Bushmills Distillery Reserve 12 Year Old & Connemara Irish Whiskey,45.00
85,Bushmills Irish Whiskey,15.00
86,Bushmills Irish Whiskey,15.00
87,Bushmills Irish Whiskey,0.00
88,Bushmills Irish Whiskey,25.00
89,Bushmills Irish Whiskey,0.00
90,Bushmills Irish Whiskey,10.00
91,Bushmills Irish Whiskey,20.00
92,Bushmills Irish Whiskey 1L,20.00
93,Bushmills Irish Whiskey 50cl,15.00
94,"Bushmills, Kilbeggan Irish Whiskey, Jameson Irish Whiskey",45.00
95,Calvert Extra Blended Whiskey 4/5 Quart,25.00
96,"Cameron's Scotch Cream 26 2/3 Fl Oz, D & D De Luxe 75cl & Glen Kella Manx Whiskey 75cl",140.00
97,"Canadian Club 1950's Bottling, Wilson American Blended Whiskey",45.00
98,"Canadian Club 1983 1L, Canadian Club Premium 75cl & CN Tower Canadian Whiskey",85.00
99,Carlingford 8 Year Old Irish Whiskey,25.00
100,Carlingford 8 Year Old Irish Whiskey,20.00
101,Celtic Whisky 12 Year Old & Jameson Whiskey,25.00
102,Chapter 7 2000 14 Year Old Single Malt Irish Whiskey,65.00
103,Charbay Hop Flavored Whiskey Release S 75cl,60.00
104,Charbay Hop Flavoured Whiskey Release III 75cl,230.00
105,Chichibu Ichiro's Malt 2006 Ken's Choice Copper American Style Whiskey,380.00
106,Chichibu Ichiro's Malt 2006 Ken's Choice Copper American Style Whiskey,460.00
107,Chichibu Ichiro's Malt 2009 Single Cask #1921 Whiskey House World Exclusive,320.00
108,Chichibu Ichiro's Malt 2009 Single Cask #1921 Whiskey House World Exclusive,310.00
109,Chichibu Ichiro's Malt 2009 Single Cask #1921 Whiskey House World Exclusive,300.00
110,Chichibu Ichiro's Malt 2009 Single Cask #1921 Whiskey House World Exclusive,480.00
111,Chichibu Ichiro's Malt 2009 Single Cask #1921 Whiskey House World Exclusive,310.00
112,Chichibu Ichiro's Malt 2009 Single Port Pipe For The Whiskey House World Exclusive,720.00
113,CHICHIBU ICHIRO'S MALT 2009 SINGLE PORT PIPE FOR THE WHISKEY HOUSE WORLD EXCLUSIVE,320.00
114,CHICHIBU ICHIRO'S MALT 2009 SINGLE PORT PIPE FOR THE WHISKEY HOUSE WORLD EXCLUSIVE,310.00
115,CHICHIBU ICHIRO'S MALT 2009 SINGLE PORT PIPE FOR THE WHISKEY HOUSE WORLD EXCLUSIVE,320.00
116,Chichibu Ichiro's Malt 2010 Single Cask #707 The Whiskey House World Exclusive,330.00
117,Chichibu Ichiro's Malt 2010 Single Cask #707 The Whiskey House World Exclusive,320.00
118,Chichibu Ichiro's Malt 2010 Single Cask #707 The Whiskey House World Exclusive,350.00
119,Chichibu Ichiro's Malt 2012 Single Cask #1767 For The Whiskey House At DFS,750.00
120,Chichibu Ichiro's Malt Single Cask #1921 Port Finish For The Whiskey House,0.00
121,Chichibu Ichiro's Malt Single Cask #1921 Port Finish For The Whiskey House,0.00
122,Chichibu Ichiro's Malt Single Cask #1921 Port Finish For The Whiskey House,280.00
123,Clontarf 1014 Irish Whiskey,20.00
124,Clontarf Irish Whiskey Mini Set 3 x 5cl,0.00
125,Clontarf Irish Whiskey Mini Set 3 x 5cl,0.00
126,Clontarf Irish Whiskey Set 3 x 20cl,20.00
127,Clontarf Trinity Irish Whiskey 3 x 20cl,20.00
128,Clontarf Trinity Irish Whiskey Set 3 x 20cl,15.00
129,Clontarf Trinity Irish Whiskey Set 3 x 20cl,20.00
130,Clontarf Trinity Irish Whiskey Set 3 x 20cl,25.00
131,CLONTARF TRINITY IRISH WHISKEY SETS 3 X 20CL & 3 x 5CL,35.00
132,Coleraine Irish Whiskey,30.00
133,Coleraine Irish Whiskey,15.00
134,Coleraine Irish Whiskey 24 2/3 Fl Ozs,0.00
135,Coleraine Irish Whiskey 24 2/3 Fl Ozs,0.00
136,Connemara Peated Irish Whiskey,55.00
137,Connemara Peated Irish Whiskey,25.00
138,Connemara Peated Irish Whiskey 75cl,20.00
139,Connemara Peated Irish Whiskey With 2 Glasses,30.00
140,Connemara Peated Irish Whiskey With 2 Glasses,30.00
141,Cooley MaGilligan 1991 Irish Whiskey,120.00
142,Cooley Magilligan 1991 Irish Whiskey,120.00
143,Cooley Superquinn Irish Blended Whiskey,20.00
144,Cream of Kentucky 11.5 Year Old Straight Bourbon Whiskey 75cl,140.00
145,Cream of Kentucky Straight Bourbon Whiskey 75cl,150.00
146,Crooked Fox Blended Bourbon Whiskey 75cl,25.00
147,D.W.D Irish Whiskey,20.00
148,Danny Boy Irish Whiskey,25.00
149,David Nicholson 1843 Kentucky Straight Bourbon Whiskey 75cl,50.00
150,Defiance High Rye Whiskey 75cl,25.00
151,Dingle Irish Whiskey Batch #2,145.00
152,Dingle Irish Whiskey Batch No.2,115.00
153,Dingle Irish Whiskey Batch No1,110.00
154,Dryfly 3 Year Old Straight Triticale Whiskey,40.00
155,Dun Leire 8 Year Old Irish Whiskey Sainsbury's,50.00
156,Dunphys Irish Whiskey,20.00
157,Dunville's 10 Year Old Old Irish Whiskey,50.00
158,Dunville's Three Crowns Blended Irish Whiskey,25.00
159,DUNVILLE'S THREE CROWNS IRISH WHISKEY 70° PROOF,160.00
160,DUNVILLE'S THREE CROWNS IRISH WHISKEY 70° PROOF,150.00
161,Dunville's Three Crowns Irish Whiskey 70° Proof,300.00
162,Dunville's Three Crowns Irish Whiskey 70° Proof,280.00
163,Dyflin Irish Whiskey,30.00
164,Early Times 100° Proof Bourbon Whiskey 1L,45.00
165,Early Times 100° Proof Bourbon Whiskey 1L,45.00
166,Early Times Kentucky Whiskey 1L,15.00
167,"Eigashima 2011 Single Cask, Araside 2010 Single Cask The Whiskey House World Exclusive 2 x 75cl",150.00
168,Emerald Isle Irish Whiskey 24 Year Old,220.00
169,Erin Go Bragh Irish Whiskey 75cl,190.00
170,Erin Go Bragh Irish Whiskey 75cl,300.00
171,Erin's Isle Irish Whiskey,25.00
172,Ezra Brooks 90° Proof Kentucky Straight Bourbon Whiskey 75cl,25.00
173,Ezra Brooks 90° Proof Kentucky Straight Bourbon Whiskey 75cl,25.00
174,Famous Grouse Bill McLaren's Famous XV 15 Year Old & Jameson Irish Whiskey,35.00
175,"Feckin Irish Whiskey 1L, Feckin Irish 5cl Mini & Coaster Pack",25.00
176,FEW Cask Strength Rye Whiskey 75cl,70.00
177,FEW Copper & Kings Bourbon Whiskey 75cl,60.00
178,FEW Copper & Kings Rye Whiskey 75cl,70.00
179,FEW Rye Whiskey Cask Strength 75cl,60.00
180,FEW Rye Whiskey Cask Strength 75cl,45.00
181,Fine Old Scotch Whiskey Otto Schmidt,0.00
182,Fine Old Scotch Whiskey Otto Schmidt,0.00
183,Fleischmann's 4 Year Old Select Kentucky Straight Bourbon Whiskey 75cl,45.00
184,Forgan Corn Whiskey,30.00
185,Forgan Corn Whiskey Batch #2,30.00
186,Forgan Corn Whiskey Batch #4,25.00
187,Forgan Corn Whiskey for Southport Whisky Club,25.00
188,Four Roses 2010 Single Barrel Private Selection for H&F Whiskey Society 75cl,85.00
189,Four Roses Blended Whiskey Half Gallon,110.00
190,Gelston's 15 Year Old Irish Whiskey,50.00
191,George Dickel Rye Whiskey 75cl,30.00
192,Georgia Moon Corn Whiskey 75cl,20.00
193,Glen Kella White Manx Whiskey 37.5cl,10.00
194,Glen Kella White Whiskey,15.00
195,"Glencarnie Whiskey, Queen Margot & Highland Earl",25.00
196,Glendalough Single Cask #1 Irish Whiskey,45.00
197,Gold Tassel Canadian Whiskey 75cl,0.00
198,Green Spot Irish Whiskey,100.00
199,Green Spot Irish Whiskey,40.00
200,Green Spot Irish Whiskey,40.00
201,Green Spot Irish Whiskey,40.00
202,Green Spot Irish Whiskey,115.00
203,Green Spot Irish Whiskey,105.00
204,Green Spot Irish Whiskey,40.00
205,Green Spot Irish Whiskey,35.00
206,Green Spot Irish Whiskey,105.00
207,Green Spot Irish Whiskey,125.00
208,Green Spot Irish Whiskey,35.00
209,Green Spot Irish Whiskey,40.00
210,Green Spot Irish Whiskey,40.00
211,Green Spot Irish Whiskey,130.00
212,Green Spot Irish Whiskey,40.00
213,Green Spot Irish Whiskey,35.00
214,Green Spot Irish Whiskey,30.00
215,Green Spot Irish Whiskey,45.00
216,Green Spot Irish Whiskey,135.00
217,Green Spot Irish Whiskey,140.00
218,Green Spot Irish Whiskey,150.00
219,Green Spot Irish Whiskey,45.00
220,Green Spot Irish Whiskey,35.00
221,Green Spot Irish Whiskey,165.00
222,Green Spot Irish Whiskey,40.00
223,Green Spot Irish Whiskey,110.00
224,Green Spot Irish Whiskey,40.00
225,Green Spot Irish Whiskey,35.00
226,Green Spot Single Pot Still Irish Whiskey,40.00
227,Green Spot Single Pot Still Irish Whiskey,165.00
228,Green Spot Single Pot Still Irish Whiskey,120.00
229,Green Spot Single Pot Still Irish Whiskey,50.00
230,Green Spot Single Pot Still Irish Whiskey & Bushmills 10 Year Old,40.00
231,Green Spot Single Pot Still Irish Whiskey 20cl,25.00
232,Haran 2009 Basque Whiskey,25.00
233,Haran 2009 Basque Whiskey,40.00
234,Hardware Distillery Co Small Batch #22 Whiskey 75cl,30.00
235,Heaven's Door Straight Rye Whiskey 75cl,45.00
236,Helsinki Rye Malt Whiskey 50cl,50.00
237,Helsinki Whiskey Rye Malt 50cl,25.00
238,Helsinki Whiskey Rye Malt 50cl,40.00
239,Heritage Kentucky Straight Bourbon Whiskey 75cl,45.00
240,Hewitts Irish Whiskey,95.00
241,Hicks & Healey Classic Whiskey In Presentation Case With 2 Glasses 50cl,115.00
242,Hicks & Healey Classic Whiskey In Presentation Case With 2 Glasses 50cl,110.00
243,Hicks & Healey Classic Whiskey In Presentation Case With 2 Glasses 50cl,105.00
244,Hicks & Healey Classic Whiskey In Presentation Case With 2 Glasses 50cl,105.00
245,Hicks & Healey Classic Whiskey In Presentation Case With 2 Glasses 50cl,105.00
246,Hicks & Healey Classic Whiskey In Presentation Case With 2 Glasses 50cl,90.00
247,Hicks & Healey Classic Whiskey In Presentation Case With 2 Glasses 50cl,100.00
248,High West 14 Year Old Light Whiskey Batch #1 75cl,100.00
249,High West 14 Year Old Light Whiskey Batch #1 75cl,160.00
250,High West Campfire Straight Rye Whiskey 75cl,70.00
251,High West Campfire Straight Rye Whiskey 75cl,50.00
252,Highland Park 2001 15 Year Old Single Cask #2154 for The Whiskey House,160.00
253,Highland Park 2001 15 Year Old Single Cask #2154 For The Whiskey House,150.00
254,Highland Park 2001 15 Year Old Single Cask #2154 for The Whiskey House,170.00
255,Highland Park 2001 15 Year Old Single Cask #2154 for The Whiskey House,260.00
256,Highland Park 2001 15 Year Old Single Cask #2154 for The Whiskey House,175.00
257,Highland Park 2001 15 Year Old Single Cask #2154 for The Whiskey House,165.00
258,Highland Park 2001 15 Year Old Single Cask #2154 for The Whiskey House,150.00
259,Highland Park 2001 15 Year Old Single Cask #2154 for The Whiskey House,175.00
260,Highland Park 2001 15 Year Old Single Cask #2154 for The Whiskey House,120.00
261,Highland Park 2001 15 Year Old Single Cask #2154 for The Whiskey House,400.00
262,Highland Park 2001 15 Year Old Single Cask #2154 for The Whiskey House,130.00
263,Highland Park 2001 15 Year Old Single Cask #2154 for The Whiskey House,250.00
264,Highland Park 2001 15 Year Old Single Cask #2154 for The Whiskey House,260.00
265,Highland Park 2001 15 Year Old Single Cask #2154 for The Whiskey House,250.00
266,Highland Park 2001 15 Year Old Single Cask #2154 for The Whiskey House,190.00
267,Highland Park 2001 15 Year Old Single Cask #384 for The Whiskey House,160.00
268,Highland Park 2001 15 Year Old Single Cask #384 for The Whiskey House,160.00
269,Highland Park 2001 15 Year Old Single Cask #384 For The Whiskey House,160.00
270,Highland Park 2001 15 Year Old Single Cask #384 for The Whiskey House,180.00
271,Highland Park 2001 15 Year Old Single Cask #384 for The Whiskey House,240.00
272,Highland Park 2001 15 Year Old Single Cask #384 for The Whiskey House,330.00
273,Highland Park 2001 15 Year Old Single Cask #384 for The Whiskey House,270.00
274,Highland Park 2001 15 Year Old Single Cask #384 for The Whiskey House,270.00
275,Highland Park 2001 15 Year Old Single Cask #384 for The Whiskey House,290.00
276,Highland Park 2001 15 Year Old Single Cask #384 for The Whiskey House,240.00
277,Highland Park 2005 13 Year Old Single Cask #3628 For Bottega Whiskey Club 75cl,100.00
278,Highland Park 2005 13 Year Old Single Cask #3628 For Bottega Whiskey Club 75cl,90.00
279,Highland Park 2005 13 Year Old Single Cask #3628 For Bottega Whiskey Club 75cl,90.00
280,Highland Park 2005 13 Year Old Single Cask #3628 For Bottega Whiskey Club 75cl,130.00
281,Highland Park 2005 13 Year Old Single Cask #3628 For Bottega Whiskey Club 75cl,130.00
282,Highland Park 2005 13 Year Old Single Cask #3628 For Bottega Whiskey Club 75cl,120.00
283,Highland Park 2005 13 Year Old Single Cask #3628 For Bottega Whiskey Club 75cl,130.00
284,Highland Park 2005 13 Year Old Single Cask #3628 For Bottega Whiskey Club 75cl,130.00
285,Highland Park 2005 13 Year Old Single Cask #3628 For Bottega Whiskey Club 75cl,140.00
286,Highland Park 2005 13 Year Old Single Cask #3628 For Bottega Whiskey Club 75cl,130.00
287,Highland Park 2005 13 Year Old Single Cask #3628 For Bottega Whiskey Club 75cl,140.00
288,Highland Park 2005 13 Year Old Single Cask #3628 For Bottega Whiskey Club 75cl,140.00
289,Hirsch 20 Year Old Special Reserve American Whiskey 75cl,70.00
290,Hirsch Special Reserve Corn Whiskey 75cl,25.00
291,Hotel Essener Hof 17 Year Old Irish Whiskey,60.00
292,Hudson Baby Bourbon Whiskey Batch #20 37.5cl,30.00
293,Hudson Baby Bourbon Whiskey Batch #22 37.5cl,45.00
294,Hudson Baby Bourbon Whiskey Batch #22 37.5cl,35.00
295,Hudson Baby Bourbon Whiskey Batch #E1 37.5cl,25.00
296,Hudson Manhattan Rye Whiskey Batch #18 37.5cl,35.00
297,Hudson Manhattan Rye Whiskey Batch #18 375ml,40.00
298,Hudson Maple Cask Rye Whiskey 75cl,75.00
299,Hudson Maple Cask Rye Whiskey 75cl,65.00
300,Hudson Single Malt Whiskey 37.5cl,35.00
301,Hudson Single Malt Whiskey 37.5cl,25.00
302,Hudson Single Malt Whiskey 37.5cl,55.00
303,Huxley Genus Whiskey,30.00
304,Huxley Genus Whiskey,35.00
305,I.W. Harper 100° Straight Bourbon Whiskey 4/5 Quart,220.00
306,I.W. Harper Kentucky Bourbon Whiskey 75cl,50.00
307,Imperial American Whiskey 75cl,40.00
308,Inish Turk Beg Maiden Voyage Irish Single Malt Whiskey,90.00
309,Inish Turk Beg Maiden Voyage Irish Single Malt Whiskey 1L,230.00
310,Inishowen Irish Whiskey,25.00
311,Inishowen Irish Whiskey,15.00
312,Inishowen Irish Whiskey 1L,60.00
313,Irish Single Malt Whiskey 1989 27 Year Old Whisky Agency for Eiling Lim,400.00
314,Irish Single Malt Whiskey The Whisky Agency,110.00
315,Irish Whiskey 17 Year Old Hotel Essener Hof,60.00
316,Irish Whiskey 2004 12 Year Old The Whisky Cask,55.00
317,Irish Whiskey Minis Connoisseurs Collection 4 x 5cl,20.00
318,J&B 15 Year Old Reserve 1L & Powers Gold Label Irish Whiskey,45.00
319,J.J Corry ANFA Irish Whiskey,150.00
320,J.J Corry ANFA Irish Whiskey,150.00
321,J.J. Corry Irish Whiskey Batch #1 50cl,50.00
322,J.J. CORRY IRISH WHISKEY BATCH #1 50CL,70.00
323,Jack Daniel's Barrel Aged Rye Whiskey 1L,20.00
324,Jack Daniel's Barrel Aged Rye Whiskey 1L,50.00
325,Jack Daniel's Barrel Aged Rye Whiskey 1L,30.00
326,Jack Daniel's Barrel Aged Rye Whiskey 1L,55.00
327,Jack Daniel's Barrel Aged Rye Whiskey 1L,40.00
328,Jack Daniel's Barrel Aged Rye Whiskey 75cl,50.00
329,Jack Daniel's Barrel Aged Rye Whiskey 75cl,50.00
330,Jack Daniel's Barrel Aged Rye Whiskey 75cl,30.00
331,Jack Daniel's Family of Fine Whiskeys Set 3 x 75cl,120.00
332,Jack Daniel's Family of Whiskey Set 3 x 5cl Including Jack Daniel's Single Barrel,85.00
333,Jack Daniel's Old No 7 45% & Jack Daniels Winter Jack Apple Whiskey Punch,45.00
334,Jack Daniel's Tennessee Whiskey 1L,200.00
335,James E. Pepper 15 Year Old 1776 Rye Whiskey 75cl,140.00
336,James E. Pepper 15 Year Old 1776 Rye Whiskey 75cl,140.00
337,James E. Pepper Barrel Proof 1776 Rye Whiskey 75cl,40.00
338,Jameson & Feckin Irish Whiskey 2 x 70cl,35.00
339,"Jameson 1L, Hewitts Whiskey 1.125L & Paddy 1L",55.00
340,Jameson Irish Whiskey,10.00
341,Jameson Irish Whiskey,55.00
342,Jameson Irish Whiskey,0.00
343,Jameson Irish Whiskey,20.00
344,Jameson Irish Whiskey,15.00
345,Jameson Irish Whiskey,10.00
346,Jameson Irish Whiskey,15.00
347,Jameson Irish Whiskey,10.00
348,Jameson Irish Whiskey,10.00
349,Jameson Irish Whiskey 75cl,20.00
350,Jameson Irish Whiskey Miniatures Selection 3 x 5cl,15.00
351,Jameson Irish Whiskey x 2 & Tullamore Dew,40.00
352,"Jameson Irish Whiskey, Paddy Irish Whiskey & Locke's Irish Whiskey",35.00
353,"Jameson Whiskey Makers Series - Distiller's Safe, Blender's Dog, Cooper's Croze 3x70cl",185.00
354,Jameson's Irish Whiskey Cask Mates Edition,35.00
355,John Drew Rye Whiskey 75cl,20.00
356,John Jameson Very Special Old Whiskey 15 Year Old,145.00
357,Johnny Smoking Gun Badlands Whiskey 75cl,75.00
358,Ken's Choice 2006 Single Barrel American Whiskey,185.00
359,Ken's Choice 2006 Single Barrel American Whiskey,290.00
360,Ken's Choice 2006 Single Barrel American Whiskey,175.00
361,Kentucky Boat Bourbon Whiskey,20.00
362,Kentucky Bred 5 Year Old Bourbon Whiskey 75cl,70.00
363,Kilbeggan Distilling Co Irish Whiskey Collection & Clontarf 1014 Irish Whiskey,10.00
364,Kilbeggan Irish Whiskey,0.00
365,Kilbeggan Irish Whiskey,20.00
366,Kilbeggan Irish Whiskey,0.00
367,Kilbeggan Irish Whiskey,20.00
368,Kilbeggan Irish Whiskey,25.00
369,Kilbeggan Irish Whiskey,20.00
370,Kilbeggan Irish Whiskey,20.00
371,Kilbeggan Irish Whiskey,15.00
372,Kilbeggan Irish Whiskey,25.00
373,Kilbeggan Single Grain Irish Whiskey,25.00
374,Kinahan's 10 Year Old Irish Single Malt Whiskey,45.00
375,Kinahan's 10 Year Old Irish Single Malt Whiskey Batch #5,45.00
376,Kinahan's 10 Year Old Irish Single Malt Whiskey Batch #5,50.00
377,Kinahan's 10 Year Old Irish Single Malt Whiskey Batch #5,40.00
378,Knappogue Castle 1994 Irish Whiskey 75cl,50.00
379,Knappogue Castle 1995 Irish Whiskey,50.00
380,Knappogue Castle 1995 Irish Whiskey,50.00
381,Knappogue Castle 1995 Irish Whiskey,55.00
382,Knob Creek Single Barrel #6443 Rye Whiskey for PlumpJack Wine & Spirits 75cl,60.00
383,Koval Single Barrel Whiskey 50cl,30.00
384,Lambay Cognac Cask Finish Irish Whiskey,30.00
385,Legent Kentucky Straight Bourbon Whiskey,40.00
386,Little Book Blended Straight Whiskey Batch #1 2017 Release 75cl,100.00
387,LITTLE BOOK BLENDED STRAIGHT WHISKEY BATCH #1 2017 RELEASE 75CL,110.00
388,Little Book Blended Straight Whiskey Chapter #01: The Easy 75cl,400.00
389,Little Book Straight Whiskey 2017 Release 75cl,90.00
390,Locke's Grand Crew 9 Year Old Irish Whiskey,60.00
391,Locke's Irish Whiskey & Glasses Set,20.00
392,Locke's Irish Whiskey 1L,30.00
393,Locke's Single Malt Irish Whiskey,75.00
394,Locke's Single Malt Irish Whiskey & Jameson Gold 75cl,60.00
395,Locke's Single Malt Irish Whiskey Flagon,40.00
396,Locke's Single Malt Irish Whiskey Flagon,35.00
397,Locke's Single Malt Irish Whiskey Flagon 75cl,35.00
398,Locke's Single Malt Irish Whiskey Flagon 75cl & Tyrconnell Pure Pot Still Irish Whiskey,35.00
399,London Distillery Company 2014 Rye Whiskey LV 1767 Edition,160.00
400,MaGilligan 1991 Irish Whiskey,200.00
401,Maltbarn 1989 27 Year Old Irish Whiskey,240.00
402,"Merrys Irish Whiskey, Dunphys Irish Whiskey & O'Kanagan Irish Whiskey",65.00
403,Michael Collins Irish Whiskey & Dunville's Old Irish Whiskey,105.00
404,Michter's 1753 Celebration Sour Mash Whiskey,3500.00
405,Michter's Limited Edition Toasted Barrel Finish Rye Whiskey 75cl,160.00
406,Michter's Small Batch Kentucky Straight Bourbon Whiskey,35.00
407,Michter's Small Batch Unblended American Whiskey,40.00
408,Michter's Small Batch Unblended American Whiskey,45.00
409,Michter's Small Batch Unblended American Whiskey,35.00
410,Michter's Small Batch Unblended American Whiskey,50.00
411,Michter's Small Batch Unblended American Whiskey 75cl,40.00
412,Michter's Toasted Barrel Finish Rye Whiskey,90.00
413,Michter's Toasted Barrel Finish Rye Whiskey 75cl,180.00
414,Midleton 1997 Single Cask #52912 for Friends Of Irish Whiskey Society Finland,350.00
415,Midleton 2001 Rum Cask for 10th Anniversary of the Celtic Whiskey Shop,340.00
416,Midleton Irish Whiskey Academy Edition #2 50cl,290.00
417,Midleton Single Pot Still Whiskey Academy 50cl,210.00
418,Midleton Single Pot Still Whiskey Mini Set 4 x 5cl,30.00
419,Midleton Very Rare Irish Whiskey 1985 Release 75cl,290.00
420,Mount Vernon 1921 Prohibition Era Rye Whiskey One Pint,400.00
421,National Reserve Kentucky Straight Bourbon Whiskey 75cl,75.00
422,O'Kanagan Very Rare Irish Whiskey,35.00
423,O'Kanagan Very Rare Irish Whiskey,25.00
424,O'Kanagan Very Rare Irish Whiskey,20.00
425,Ocht Deag 2001 Celtic Cask Irish Whiskey,280.00
426,Old Comber At Least 30 Year Old Irish Whiskey,280.00
427,Old Comber At Least 30 Year Old Irish Whiskey 75cl,330.00
428,Old Comber At Least 30 Year Old Irish Whiskey 75cl,220.00
429,Old Comber At Least 30 Year Old Irish Whiskey 75cl,80.00
430,Old Comber At Least 30 Year Old Irish Whiskey 75cl,210.00
431,Old Comber At Least 30 Year Old Irish Whiskey 75cl,230.00
432,Old Comber At Least 30 Year Old Irish Whiskey 75cl,240.00
433,Old Comber At Least 30 Year Old Irish Whiskey 75cl,195.00
434,Old Comber At Least 30 Year Old Irish Whiskey 75cl,320.00
435,Old Cooper 12 Year Old Bourbon Whiskey 75cl,60.00
436,Old Ezra 7 Year Old Barrel Strength Bourbon Whiskey 75cl,75.00
437,Old Ezra 7 Year Old Barrel Strength Bourbon Whiskey 75cl,40.00
438,Old Grand-Dad 1917 Kentucky Whiskey,1500.00
439,Old Grand-Dad Kentucky Straight Bourbon Whiskey,85.00
440,Old Grand-Dad Kentucky Straight Bourbon Whiskey 1L,120.00
441,Old Grand-Dad Kentucky Straight Bourbon Whiskey 75cl,65.00
442,Old Grand-Dad Kentucky Straight Bourbon Whiskey 75cl,130.00
443,Old Kentucky Tavern 8 Year Old Straight Bourbon Whiskey,70.00
444,Old Midleton 1967 35 Year Old Irish Whiskey,500.00
445,Old Overholt Straight Rye Whiskey,25.00
446,Old Potrero 18th Century Style Whiskey,45.00
447,Old Potrero 18th Century Style Whiskey,45.00
448,Old Potrero 18th Century Style Whiskey,50.00
449,Old Potrero 18th Century Style Whiskey,55.00
450,Old Potrero 2 Year Old Whiskey,45.00
451,Old Potrero Single Malt Rye Whiskey 75cl,50.00
452,Old Potrero Single Malt Straight Rye Whiskey 75cl,70.00
453,Old Potrero Single Malt Straight Rye Whiskey 75cl,65.00
454,Old Ripy Batch #1 The Whiskey Barons Collection 37.5cl,50.00
455,Orphan Barrel Gifted Horse Whiskey 75cl,70.00
456,Orphan Barrel Lost Prophet 22 Year Old Kentucky Straight Bourbon Whiskey 75cl,340.00
457,Orphan Barrel The Gifted Horse American Whiskey 75cl,95.00
458,Orphan Barrel The Gifted Horse American Whiskey 75cl,180.00
459,Orphan Barrel The Gifted Horse American Whiskey 75cl,100.00
460,Orphan Barrel The Gifted Horse American Whiskey 75cl,160.00
461,Orphan Barrel The Gifted Horse American Whiskey 75cl,190.00
462,Orphan Barrel The Gifted Horse American Whiskey 75cl,100.00
463,Oyo Oloroso Wheat Whiskey Batch #2 75cl,45.00
464,Paddy Irish Whiskey,10.00
465,Paddy Irish Whiskey Minis x 3,5.00
466,Paddy Old Irish Whiskey 20cl,10.00
467,"Parker's Heritage Collection 11 Year Old Bourbon Whiskey, Noah's Mill Kentucky Bourbon & Rowan's Creek Small Batch Bourbon 3 x 75cl",230.00
468,Parker's Heritage Collection 24 Year Old Bourbon Whiskey 75cl,340.00
469,Parker's Heritage Collection 24 Year Old Bourbon Whiskey 75cl,290.00
470,Parker's Heritage Collection 24 Year Old Bourbon Whiskey 75cl,410.00
471,Parker's Heritage Collection 24 Year Old Bourbon Whiskey 75cl,460.00
472,Parker's Heritage Collection 24 Year Old Bourbon Whiskey 75cl,380.00
473,Parker's Heritage Collection 24 Year Old Bourbon Whiskey 75cl,350.00
474,Parker's Heritage Collection 24 Year Old Bourbon Whiskey 75cl,350.00
475,Parker's Heritage Collection 24 Year Old Bourbon Whiskey 75cl,400.00
476,Parker's Heritage Collection 24 Year Old Bourbon Whiskey 75cl,480.00
477,Parker's Heritage Collection 24 Year Old Bourbon Whiskey 75cl,480.00
478,Parker's Heritage Collection 24 Year Old Bourbon Whiskey 75cl,350.00
479,Parker's Heritage Collection 24 Year Old Bourbon Whiskey 75cl,340.00
480,Parker's Heritage Collection 24 Year Old Bourbon Whiskey 75cl,480.00
481,Parker's Heritage Collection 24 Year Old Bourbon Whiskey 75cl,480.00
482,Parker's Heritage Collection 24 Year Old Bourbon Whiskey 75cl,430.00
483,Parker's Heritage Collection 24 Year Old Bourbon Whiskey 75cl,410.00
484,Parker's Heritage Collection 24 Year Old Bourbon Whiskey 75cl,300.00
485,Parker's Heritage Collection 24 Year Old Bourbon Whiskey 75cl,270.00
486,Parker's Heritage Collection 24 Year Old Bourbon Whiskey 75cl,320.00
487,Parker's Heritage Collection 24 Year Old Bourbon Whiskey 75cl,310.00
488,Parker's Heritage Collection 24 Year Old Bourbon Whiskey 75cl,580.00
489,Parker's Heritage Collection 24 Year Old Bourbon Whiskey 75cl,460.00
490,Parker's Heritage Collection 24 Year Old Bourbon Whiskey 75cl,330.00
491,Parker's Heritage Collection 24 Year Old Bourbon Whiskey 75cl,280.00
492,Parker's Heritage Collection 24 Year Old Bourbon Whiskey 75cl,300.00
493,Parker's Heritage Collection 24 Year Old Bourbon Whiskey 75cl,600.00
494,Parker's Heritage Collection 24 Year Old Bourbon Whiskey 75cl,470.00
495,Parker's Heritage Collection 24 Year Old Bourbon Whiskey 75cl,300.00
496,Parker's Heritage Collection 24 Year Old Bourbon Whiskey 75cl,330.00
497,Parker's Heritage Collection 24 Year Old Bourbon Whiskey 75cl,340.00
498,Parker's Heritage Collection 24 Year Old Bourbon Whiskey 75cl,280.00
499,Parker's Heritage Collection 24 Year Old Bourbon Whiskey 75cl,290.00
